MPA_index,ra,dec,fiberID,plate,mjd,mcpid,maser_morphology,maser_lum,z,z_err,v_disp,v_disp_err,kcor_mag_rband,kcor_model_mag_rband,Lick_Hd_A,Lick_Hd_A_err,D4000,D4000_err,D4000_n,D4000_n_err,H_alpha_flux,H_alpha_flux_err,H_alpha_eqw,H_alpha_eqw_err,H_beta_flux,H_beta_flux_err,H_beta_eqw,H_beta_eqw_err,OIII_5007_flux,OIII_5007_flux_err,OIII_5007_eqw,OIII_5007_eqw_err,OI_6300_flux,OI_6300_flux_err,OI_6300_eqw,OI_6300_eqw_err,NII_6584_flux,NII_6584_flux_err,NII_6584_eqw,NII_6584_eqw_err,SII_6717_flux,SII_6717_flux_err,SII_6717_eqw,SII_6717_eqw_err,SII_6731_flux,SII_6731_flux_err,SII_6731_eqw,SII_6731_eqw_err
755340,233.7383,23.50306,58,2163,53823.0,148,0,0.0,0.018397964537143707,1.751338641042821e-05,174.9538116455078,8.220383644104004,16.83172035217285,0.0,6.12489128112793,0.8657125234603882,1.675657033920288,0.024989837780594826,1.3485331535339355,0.02512391470372677,1257.7462158203125,19.363588333129883,-32.703556060791016,0.29012471437454224,77.6319580078125,5.4168548583984375,-2.754415512084961,0.24167820811271667,181.04214477539062,6.445643901824951,-6.799421310424805,0.25674521923065186,194.4983367919922,6.8661699295043945,-4.598979473114014,0.16578952968120575,1779.6370849609375,18.079496383666992,-38.07758712768555,0.32748326659202576,562.8751831054688,10.414648056030273,-13.517457962036133,0.20769740641117096,385.7279052734375,9.76209831237793,-8.301000595092773,0.18351727724075317
543088,174.5334,11.19639,94,1607,53083.0,97,0,92.0,0.0357234887778759,9.756763574841898e-06,110.6328125,4.56574821472168,16.26420021057129,0.0,1.5979843139648438,0.42160457372665405,1.6038310527801514,0.009124630130827427,1.4082896709442139,0.010722068138420582,789.4133911132812,11.120376586914062,-12.840287208557129,0.1870349496603012,197.07078552246094,6.198020935058594,-3.123737335205078,0.1501898467540741,1091.97314453125,13.181466102600098,-18.473526000976562,0.2315828502178192,81.56428527832031,6.463947296142578,-1.2774848937988281,0.1352912336587906,690.7158203125,9.981507301330566,-10.702449798583984,0.18292826414108276,243.2860565185547,7.849410057067871,-3.815948724746704,0.1482139378786087,211.30984497070312,7.723593235015869,-3.2296130657196045,0.1458723396062851
633760,210.7686,8.9475,75,1807,54175.0,130,0,0.0,0.023065950721502304,1.1355424248904455e-05,125.4851303100586,3.2782342433929443,15.78963851928711,0.0,-3.5315723419189453,0.3944869935512543,1.7645736932754517,0.00861539226025343,1.5490225553512573,0.010292425751686096,1166.0640869140625,13.457725524902344,-11.670180320739746,0.14664262533187866,368.2284240722656,7.6151442527771,-3.8181838989257812,0.11688099056482315,3791.92041015625,28.52850914001465,-41.77305221557617,0.3292906582355499,193.9928741455078,7.109981536865234,-2.050112247467041,0.10884382575750351,1065.5633544921875,11.956624984741211,-10.810454368591309,0.14981432259082794,436.77734375,9.405233383178711,-4.3825154304504395,0.12231257557868958,345.8737487792969,8.726855278015137,-3.4782896041870117,0.1173098236322403
744962,221.4033,27.03472,436,2142,54208.0,140,0,30.0,0.029790738597512245,1.8471630028216168e-05,850.0,-3.0,15.935062408447266,0.0,0.32230526208877563,0.33404645323753357,1.2967716455459595,0.004942849278450012,1.106990098953247,0.005747349467128515,5143.48681640625,39.00476837158203,-60.88487243652344,0.4533524811267853,1094.96337890625,14.367813110351562,-14.24606704711914,0.1916121542453766,9958.162109375,69.55615234375,-135.92642211914062,0.9775939583778381,326.20953369140625,9.26405143737793,-4.409796237945557,0.14353683590888977,2400.99755859375,20.200529098510742,-27.437402725219727,0.26363590359687805,636.4978637695312,12.247979164123535,-8.947436332702637,0.17395302653312683,616.501220703125,11.905117988586426,-8.560956954956055,0.17127791047096252
576550,247.6705,30.48878,199,1685,53463.0,154,0,192.0,0.03675408661365509,7.81093694968149e-06,117.6288833618164,5.575767517089844,16.630165100097656,0.0,0.36601582169532776,0.5997519493103027,1.791961431503296,0.015838228166103363,1.5224210023880005,0.017747733741998672,729.6353149414062,9.817850112915039,-15.890485763549805,0.21469879150390625,148.3700408935547,5.5392303466796875,-3.305851697921753,0.17988665401935577,805.8047485351562,10.537079811096191,-19.4814395904541,0.2726486921310425,50.92844009399414,5.206830978393555,-1.093041181564331,0.15179915726184845,652.9683837890625,8.686164855957031,-14.222297668457031,0.21837887167930603,180.03305053710938,6.25439453125,-3.80971360206604,0.1627168506383896,150.10508728027344,6.153328895568848,-3.2154688835144043,0.16073179244995117
927508,260.7357,31.34197,567,2974,54592.0,163,0,0.0,0.015143364667892456,8.316971616295632e-06,97.03253173828125,3.1395702362060547,16.084239959716797,0.0,-0.40178996324539185,0.3492957055568695,0.0,0.0,1.629915475845337,0.009937186725437641,547.5711059570312,10.07344913482666,-6.718106269836426,0.13712190091609955,134.69940185546875,5.309571266174316,-1.6945149898529053,0.11743555217981339,503.1131896972656,8.78315258026123,-7.040325164794922,0.14858052134513855,37.917083740234375,6.038550853729248,-0.49432554841041565,0.11331558972597122,393.6806945800781,8.724248886108398,-4.780935764312744,0.1367061585187912,171.9934844970703,7.385634899139404,-2.0879065990448,0.12328170239925385,129.7985382080078,7.331249237060547,-1.5724031925201416,0.12098926305770874
726521,169.2505,32.597390000000004,105,2107,53786.0,93,0,550.0,0.03478182107210159,9.693182619230356e-06,203.94154357910156,4.632274627685547,15.737035751342773,0.0,-2.898591995239258,0.4188168942928314,2.00545334815979,0.011285639367997646,1.8623085021972656,0.013923470862209797,412.2070617675781,15.135608673095703,-4.067686557769775,0.12549178302288055,129.31285095214844,9.554744720458984,-1.368909478187561,0.11941446363925934,298.7370910644531,10.925538063049316,-3.3446168899536133,0.13137327134609222,156.90452575683594,11.863056182861328,-1.4237643480300903,0.11972730606794357,533.71728515625,14.68336009979248,-4.8162994384765625,0.13714897632598877,280.2429504394531,13.470316886901855,-2.628047227859497,0.12728258967399597,211.71151733398438,13.22127914428711,-2.119511604309082,0.12575845420360565
323769,177.4404,50.52694,336,968,52412.0,99,0,149.0,0.026441995054483414,8.076230187725741e-06,128.16294860839844,3.7559540271759033,16.11712646484375,0.0,0.1763935387134552,0.45287278294563293,1.8843146562576294,0.012514784932136536,1.6679716110229492,0.014871369116008282,480.8480224609375,7.701757431030273,-6.888191223144531,0.11101074516773224,99.53054809570312,5.5612473487854,-1.3535609245300293,0.12627822160720825,930.4661865234375,10.037942886352539,-14.524587631225586,0.16557396948337555,59.246925354003906,5.702945232391357,-0.7146504521369934,0.09910525381565094,483.1611328125,7.3606276512146,-6.3021769523620605,0.1153658851981163,131.8508758544922,6.330997943878174,-1.7250012159347534,0.10427887737751007,136.20762634277344,6.408369064331055,-1.8334016799926758,0.10445977002382278
715998,132.3087,23.38028,237,2085,53379.0,63,0,154.0,0.02563522569835186,8.648543371236883e-06,111.05242919921875,4.197162628173828,15.949544906616211,0.0,2.76845383644104,0.33830657601356506,1.6114051342010498,0.00757555803284049,1.4119758605957031,0.008962031453847885,1647.0853271484375,15.60283088684082,-19.96817398071289,0.1931685507297516,315.0819396972656,6.903800964355469,-3.7721633911132812,0.12586171925067902,344.6832580566406,8.084787368774414,-5.141557693481445,0.13555575907230377,110.06712341308594,6.902380466461182,-1.4768379926681519,0.11228106915950775,1124.8790283203125,12.075483322143555,-13.298253059387207,0.16639815270900726,405.0299377441406,9.26237678527832,-5.093977451324463,0.13034121692180634,343.43609619140625,8.916741371154785,-4.0231170654296875,0.12553687393665314
750747,228.6658,26.594170000000002,36,2154,54539.0,146,0,0.0,0.03217502310872078,1.499407062510727e-05,139.43563842773438,4.932390213012695,16.502853393554688,0.0,-0.7694402933120728,0.6570879220962524,1.9895440340042114,0.020288540050387383,1.754352331161499,0.023727308958768845,559.18115234375,11.720633506774902,-10.966971397399902,0.17451895773410797,137.20248413085938,6.851372241973877,-2.8799901008605957,0.1707509160041809,560.7019653320312,9.425654411315918,-12.559306144714355,0.21811436116695404,92.14069366455078,6.939687728881836,-1.7177796363830566,0.14081314206123352,813.0482177734375,11.566855430603027,-14.859478950500488,0.20435284078121185,292.9078369140625,8.63627815246582,-5.407843589782715,0.15948747098445892,190.40301513671875,8.269033432006836,-3.8561291694641113,0.15284837782382965
305072,120.0824,26.70144,146,929,52581.0,56,4,1060.0,0.02782682329416275,8.317508218169678e-06,187.45082092285156,4.201465606689453,15.766332626342773,0.0,1.1927376985549927,0.34288325905799866,1.7846838235855103,0.00866453442722559,1.5762583017349243,0.010234064422547817,1303.8953857421875,18.506189346313477,-12.440655708312988,0.16121546924114227,207.2343292236328,7.852173805236816,-2.3582704067230225,0.11668168753385544,585.820068359375,10.578842163085938,-7.410767078399658,0.14738431572914124,57.37576675415039,9.19043254852295,-0.532214343547821,0.11187689751386642,1032.974365234375,15.572365760803223,-10.151318550109863,0.15995320677757263,284.56195068359375,11.616348266601562,-2.8572452068328857,0.12464924901723862,210.13900756835938,11.262186050415039,-1.9770246744155884,0.12092822790145874
496540,179.7175,42.72253,595,1447,53120.0,100,0,0.0,0.002347390167415142,1.0810027561092284e-05,86.13992309570312,2.512885808944702,14.994277954101562,0.0,0.8409334421157837,0.3230518400669098,0.0,0.0,1.6582300662994385,0.009916016831994057,1650.3133544921875,27.082168579101562,-7.1362409591674805,0.13541746139526367,293.9068603515625,9.43475341796875,-1.6637173891067505,0.11066712439060211,869.8338623046875,16.033323287963867,-5.948556423187256,0.1360672414302826,119.32844543457031,14.693467140197754,-0.5273250341415405,0.10879077017307281,1309.4019775390625,24.189302444458008,-5.714966773986816,0.1357554942369461,309.5174255371094,17.818056106567383,-1.2855981588363647,0.11152862757444382,266.1839904785156,17.96824073791504,-1.1068841218948364,0.1115197241306305
56706,2.938333,-0.9086110999999999,11,388,51793.0,3,0,527.0,0.04762325435876846,2.8211336029926315e-05,140.95126342773438,-50.0,17.641468048095703,0.0,5.305088043212891,1.4015798568725586,1.5747524499893188,0.038438573479652405,1.420745849609375,0.04362653195858002,295.4356689453125,7.706280708312988,-17.160612106323242,0.3557121157646179,30.546388626098633,5.410356521606445,-2.0302624702453613,0.409055233001709,55.8636474609375,5.503706932067871,-3.534576892852783,0.3938174843788147,107.80690002441406,4.781519889831543,-5.887893199920654,0.28554368019104004,460.5959777832031,7.219109535217285,-25.12367057800293,0.3936574161052704,222.7399139404297,5.566329479217529,-12.517473220825195,0.3009508550167084,185.20205688476562,5.632362365722656,-10.021001815795898,0.3012429177761078
67624,33.52458,-0.27694440000000003,168,405,51816.0,21,0,74.0,0.03733412176370621,9.863704690360464e-06,56.4149055480957,7.881056308746338,17.253616333007812,0.0,2.518347978591919,0.6882171034812927,1.5322238206863403,0.015457750298082829,1.2927000522613525,0.016885342076420784,668.1985473632812,7.579013347625732,-27.968996047973633,0.32594382762908936,169.00677490234375,4.546417713165283,-5.820731163024902,0.24634647369384766,915.225341796875,10.46216869354248,-35.280582427978516,0.4050444960594177,73.74906158447266,3.7779414653778076,-3.2091286182403564,0.20634707808494568,349.7724304199219,5.404743194580078,-13.94656753540039,0.26654553413391113,166.4667510986328,4.45965051651001,-6.959663391113281,0.21982353925704956,128.69796752929688,4.249626636505127,-5.104832649230957,0.21450534462928772
70952,43.373329999999996,-0.2348889,37,409,51871.0,26,0,4.0,0.028812957927584648,6.743760877725435e-06,95.97828674316406,8.709748268127441,16.9603271484375,0.0,1.7259502410888672,0.7892255783081055,1.5663942098617554,0.01866784133017063,1.327383279800415,0.02062557451426983,1533.1990966796875,14.041147232055664,-50.43056106567383,0.4687279462814331,306.528076171875,5.620906352996826,-11.493829727172852,0.26784172654151917,1756.6663818359375,15.62444019317627,-65.103759765625,0.5895346999168396,129.63880920410156,3.960719108581543,-4.23301887512207,0.17770825326442719,568.2542724609375,6.4298529624938965,-19.00490379333496,0.2577943801879883,445.7736511230469,6.646255016326904,-14.618664741516113,0.24111947417259216,358.6220703125,6.109746932983398,-11.794967651367188,0.2243647277355194
104167,131.9487,-0.3809444,58,467,51901.0,62,0,2210.0,0.050844136625528336,1.1952508430113085e-05,149.04397583007812,11.455488204956055,16.87763214111328,0.0,2.7719953060150146,0.995252788066864,1.5605971813201904,0.023119112476706505,1.3112014532089233,0.024592777714133263,2070.44384765625,17.487117767333984,-60.84236526489258,0.5009581446647644,242.9393768310547,6.739640712738037,-9.864124298095703,0.32854756712913513,467.4974670410156,8.766779899597168,-18.271936416625977,0.37299254536628723,160.23890686035156,5.926976680755615,-4.695452690124512,0.20558936893939972,1213.751953125,11.545981407165527,-34.237037658691406,0.3622850179672241,514.6990356445312,8.720244407653809,-14.735383987426758,0.2563967704772949,451.3119201660156,8.308672904968262,-12.567363739013672,0.24433386325836182
147670,136.3755,3.4730000000000003,492,566,52238.0,64,0,132.0,0.028160812333226204,8.62574415805284e-06,110.18030548095703,6.53330659866333,17.388996124267578,0.0,2.6285400390625,0.7425289750099182,1.7990307807922363,0.021125588566064835,1.5581320524215698,0.02373572438955307,275.29241943359375,3.493342876434326,-11.013446807861328,0.1549687534570694,30.888286590576172,2.007765769958496,-1.6021770238876343,0.20121021568775177,21.316120147705078,2.129657030105591,-1.057505488395691,0.19347478449344635,9.00029182434082,2.0740842819213867,-0.5010170340538025,0.13313214480876923,109.69735717773438,2.7785136699676514,-4.479004859924316,0.140944704413414,54.59443283081055,2.562645196914673,-2.12431001663208,0.13995519280433655,39.996097564697266,2.607346296310425,-1.605271816253662,0.13871288299560547
794064,138.1933,23.07425,555,2287,53705.0,66,0,143.0,0.036323919892311096,6.814503649366088e-06,73.6753921508789,5.143909931182861,17.04425811767578,0.0,2.5600674152374268,0.4068586826324463,1.4567011594772339,0.007674407213926315,1.2740004062652588,0.00913828145712614,659.60400390625,6.34758186340332,-22.461490631103516,0.2215089499950409,161.88206481933594,3.4678733348846436,-5.096678733825684,0.16174869239330292,1077.892578125,9.058629989624023,-36.21949005126953,0.3112046718597412,81.68728637695312,3.262829542160034,-2.58559513092041,0.13922441005706787,353.0224304199219,4.478147983551025,-11.50119400024414,0.17877446115016937,247.63351440429688,4.340161323547363,-8.184396743774414,0.16598576307296753,198.39161682128906,4.159482002258301,-6.500240802764893,0.15820638835430145
3155,155.2481,-0.1760833,79,271,51883.0,81,0,65.0,0.0559447705745697,1.4506630577670876e-05,105.40560150146484,5.919423580169678,17.2318115234375,0.0,-0.13521382212638855,0.8477380275726318,1.979574203491211,0.02810121700167656,1.9679080247879028,0.040896590799093246,99.1004638671875,3.8235936164855957,-3.416759490966797,0.1627441942691803,23.41324806213379,2.8713788986206055,-0.5432182550430298,0.20788684487342834,41.314308166503906,3.6756808757781982,-1.5690807104110718,0.21039298176765442,6.69618034362793,3.133833885192871,-0.4266212284564972,0.15328390896320343,93.1305923461914,4.313355922698975,-3.14253568649292,0.17258575558662415,27.8199405670166,3.5117814540863037,-0.9134652614593506,0.15633012354373932,18.790620803833008,3.452544927597046,-0.6551337242126465,0.15320532023906708
539148,157.0119,10.77533,240,1599,53089.0,83,0,1135.0,0.044832173734903336,9.433939339942299e-06,116.83087158203125,9.28105640411377,17.37697982788086,0.0,1.8126057386398315,1.2705620527267456,1.9640097618103027,0.04182203859090805,1.6420992612838745,0.04565490409731865,315.44073486328125,5.827513694763184,-13.389333724975586,0.2581768035888672,50.00575256347656,3.5672364234924316,-2.8234171867370605,0.3241714537143707,153.437255859375,4.65689754486084,-9.021944999694824,0.33883431553840637,16.6135311126709,3.4624154567718506,-0.756403386592865,0.20571626722812653,302.944580078125,5.572066307067871,-12.607370376586914,0.27314049005508423,76.24383544921875,4.042881011962891,-3.268369436264038,0.2102476954460144,58.318145751953125,3.949946165084839,-2.3678994178771973,0.20642516016960144
6105,165.9098,-0.8690278,49,277,51908.0,89,0,26.0,0.02864285372197628,6.830609436292434e-06,96.6297836303711,8.59463882446289,17.14617347717285,0.0,4.604875564575195,0.6897458434104919,1.458034873008728,0.015457063913345337,1.2706477642059326,0.01757081225514412,600.0198364257812,6.988565921783447,-21.098365783691406,0.2577713131904602,108.73346710205078,3.6919002532958984,-4.499448299407959,0.23664119839668274,205.32339477539062,4.9768147468566895,-8.653608322143555,0.26086100935935974,48.16154861450195,3.235318899154663,-1.6120164394378662,0.17155702412128448,356.3771057128906,5.17781400680542,-12.30307388305664,0.21767111122608185,175.2421112060547,4.511588096618652,-5.913754463195801,0.18963326513767242,128.66624450683594,4.315509796142578,-4.367035388946533,0.18031412363052368
768246,167.3881,28.627640000000003,233,2213,53792.0,90,0,36.0,0.037892378866672516,9.922363460646011e-06,148.9818115234375,4.715903282165527,16.411142349243164,0.0,-0.6374245882034302,0.5248542428016663,1.9020581245422363,0.014735960401594639,1.7184057235717773,0.01789103075861931,333.12518310546875,8.13866901397705,-6.315008163452148,0.14899842441082,69.98532104492188,4.373068332672119,-1.32468843460083,0.1441655457019806,371.7108459472656,7.269203186035156,-8.614945411682129,0.1786426156759262,36.46480178833008,5.697210311889648,-0.656980037689209,0.12697184085845947,391.2101135253906,8.210785865783691,-7.130619049072266,0.1600349396467209,121.10386657714844,6.687052249908447,-1.9874299764633179,0.13314825296401978,88.52375030517578,6.5229387283325195,-1.6197313070297241,0.13190391659736633
724491,180.5193,35.321690000000004,130,2103,53467.0,102,0,520.0,0.03407072648406029,8.187855200958438e-06,104.56562805175781,3.7628626823425293,16.018535614013672,0.0,4.242284297943115,0.330422043800354,1.7876330614089966,0.0089154914021492,1.528862476348877,0.010197056457400322,260.2485046386719,7.988479137420654,-3.5907986164093018,0.11938045173883438,58.79518127441406,4.604028701782227,-0.584345817565918,0.1142391785979271,400.9982604980469,8.633155822753906,-5.6493120193481445,0.14636167883872986,43.488197326660156,6.4657440185546875,-0.49911171197891235,0.11641368269920349,432.4272766113281,9.302716255187988,-5.664132118225098,0.1422816514968872,129.89785766601562,7.550656318664551,-1.6509920358657837,0.12361321598291397,91.08604431152344,7.33380126953125,-1.131919026374817,0.12100091576576233
360776,206.67,52.47691999999999,237,1043,52465.0,125,4,379.0,0.029177729040384293,1.0021722118835896e-05,147.42420959472656,4.089895248413086,15.774662017822266,0.0,-0.1307905912399292,0.3874942362308502,1.812034010887146,0.009822975844144821,1.5777517557144165,0.011075502261519432,1383.2830810546875,20.105815887451172,-14.697443008422852,0.21647703647613525,348.30035400390625,8.3821439743042,-4.236747741699219,0.13368354737758636,2674.840087890625,23.858152389526367,-32.81061935424805,0.3010922372341156,278.30364990234375,9.413256645202637,-3.0441083908081055,0.1279500275850296,1429.280029296875,15.961352348327637,-15.064040184020996,0.19575177133083344,694.94775390625,12.91212272644043,-7.587772846221924,0.15420182049274445,589.4436645507812,12.36811351776123,-6.147489070892334,0.14847847819328308
632729,208.8996,5.884639,56,1805,53875.0,127,0,86.0,0.03923874348402023,4.882675057160668e-06,127.1512222290039,7.698582649230957,17.205787658691406,0.0,0.6717908382415771,0.7711794376373291,1.7438855171203613,0.02035820484161377,1.4273066520690918,0.021656084805727005,826.1468505859375,7.991072177886963,-30.076461791992188,0.29851898550987244,135.89892578125,3.486358880996704,-5.69307804107666,0.2148246318101883,285.8824768066406,4.75684118270874,-15.088415145874023,0.2576952278614044,36.04848098754883,2.972836971282959,-1.3369598388671875,0.15042412281036377,559.6600341796875,5.646577835083008,-20.290931701660156,0.2371247410774231,160.49961853027344,4.037511348724365,-5.7899088859558105,0.16746963560581207,126.9130630493164,3.6905970573425293,-4.329100608825684,0.15724056959152222
638492,226.3247,8.153611,387,1816,53919.0,145,0,0.0,0.03919914737343788,7.729389835731126e-06,133.15176391601562,11.262161254882812,17.006179809570312,0.0,2.98014497756958,0.5932031869888306,1.4013062715530396,0.011126467026770115,1.2195475101470947,0.013100387528538704,2359.846923828125,14.945101737976074,-83.52008056640625,0.5279836654663086,380.20556640625,6.074912071228027,-14.215014457702637,0.2640838027000427,494.10736083984375,7.027641296386719,-18.518693923950195,0.2846886217594147,160.21826171875,4.242964744567871,-5.422556400299072,0.17627103626728058,976.1898193359375,7.555875301361084,-34.17236328125,0.2977500557899475,462.4400634765625,6.121705532073975,-15.736260414123535,0.21862643957138062,346.98321533203125,5.428218364715576,-11.496790885925293,0.19630546867847443
249166,230.082,52.899080000000005,280,794,52376.0,147,0,44.0,0.03715885803103447,1.2356017577985767e-05,106.55004119873047,5.751443386077881,16.765777587890625,0.0,3.6689529418945312,0.5713575482368469,1.696152687072754,0.015310410410165787,1.4768911600112915,0.017518991604447365,145.10733032226562,5.447215557098389,-3.933549642562866,0.15831226110458374,28.79676628112793,3.8781158924102783,-0.6307044625282288,0.17695118486881256,203.30638122558594,6.571633338928223,-5.804803371429443,0.2087680697441101,18.837722778320312,5.002542018890381,-0.33760932087898254,0.15727102756500244,220.71766662597656,6.433001518249512,-5.39589262008667,0.18263815343379974,70.79061889648438,5.702020645141602,-1.8577712774276733,0.1756570041179657,67.47737121582031,5.527506351470947,-1.662314772605896,0.16342005133628845
848288,240.0743,15.75653,604,2521,54538.0,151,0,0.0,0.01631065271794796,7.88835677667521e-06,85.62554168701172,2.8874292373657227,16.22782325744629,0.0,-0.7363414764404297,0.3960922360420227,0.0,0.0,1.7648380994796753,0.012924722395837307,203.14015197753906,5.935783863067627,-3.0355639457702637,0.11028604954481125,53.695072174072266,3.8561038970947266,-0.6146714091300964,0.11534737050533295,474.84954833984375,7.6067023277282715,-8.146499633789062,0.15100719034671783,28.240022659301758,4.721394062042236,-0.35804760456085205,0.10706028342247009,245.08596801757812,6.131453037261963,-3.751387357711792,0.12106744199991226,90.22734832763672,5.387241363525391,-1.2970961332321167,0.11239774525165558,69.73675537109375,5.318382263183594,-0.9930163025856018,0.11123760789632797
40103,241.7664,1.108139,326,345,51690.0,152,0,6.0,0.027257714420557022,1.43233519338537e-05,125.88912963867188,4.497692584991455,16.44976806640625,0.0,-1.6314631700515747,0.8775336146354675,2.1063156127929688,0.03100041300058365,1.8474280834197998,0.03523304685950279,175.26507568359375,5.572016716003418,-2.984254837036133,0.10482360422611237,32.46260452270508,4.770421504974365,-0.4565443992614746,0.16980549693107605,165.5104217529297,5.645936489105225,-3.7807137966156006,0.16812753677368164,14.957401275634766,4.458820819854736,-0.23127740621566772,0.10816584527492523,169.84861755371094,5.270878791809082,-2.939295768737793,0.11072385311126709,70.02017974853516,4.94828987121582,-1.1881688833236694,0.10974801331758499,41.562339782714844,4.839268684387207,-0.661225438117981,0.10799027234315872
385598,247.6358,39.384170000000005,451,1173,52790.0,153,0,0.0,0.030457934364676476,6.115817996033002e-06,141.58351135253906,4.964230537414551,15.607505798339844,0.0,1.239837408065796,0.35435155034065247,1.6256587505340576,0.007328662555664778,1.3921722173690796,0.008421671576797962,3147.373046875,29.63918685913086,-28.609819412231445,0.2634564936161041,720.486572265625,13.591666221618652,-6.558650493621826,0.15234994888305664,3595.248779296875,31.420896530151367,-33.89045715332031,0.297444224357605,339.487548828125,13.075322151184082,-3.3208701610565186,0.137099027633667,2128.081787109375,21.903675079345703,-18.588729858398438,0.21696941554546356,861.8857421875,17.2598876953125,-7.625415802001953,0.16210997104644775,739.4423828125,16.5006160736084,-6.545207977294922,0.1567567139863968
179634,254.5646,39.39139,474,633,52079.0,158,0,672.0,0.03431162238121033,6.919060524523957e-06,121.8242416381836,3.6635820865631104,16.24945640563965,0.0,-3.834491014480591,0.46705785393714905,1.6145386695861816,0.00968008954077959,1.363754153251648,0.01062698382884264,2294.58740234375,15.597655296325684,-37.41407775878906,0.24747879803180695,604.6532592773438,7.6161789894104,-10.865495681762695,0.1585068702697754,5946.767578125,31.325197219848633,-109.48744201660156,0.5902494192123413,286.5016784667969,6.341614723205566,-4.725318431854248,0.11968246102333069,2458.892578125,14.300004959106445,-38.47039031982422,0.2622607946395874,793.6124267578125,9.277432441711426,-12.748771667480469,0.1546671986579895,756.5844116210938,9.059364318847656,-12.363789558410645,0.15263846516609192
664901,148.9675,69.67973,411,1879,54478.0,75,1,200.0,0.0007008419488556683,1.014985355141107e-05,24.173181533813477,8.9839448928833,14.573894500732422,0.0,5.562643527984619,0.2591184973716736,0.0,0.0,1.1753623485565186,0.005732653196901083,33024.2578125,468.1544189453125,-123.00668334960938,1.8734829425811768,2252.11181640625,25.339942932128906,-13.16667652130127,0.1659870743751526,780.184814453125,16.53868293762207,-4.413669586181641,0.1278846263885498,342.2416687011719,18.42699432373047,-1.3570051193237305,0.11264482885599136,17620.341796875,109.32074737548828,-65.79300689697266,0.5412428975105286,3412.94091796875,46.86080551147461,-11.921661376953125,0.17824779450893402,3716.283203125,47.377811431884766,-12.776052474975586,0.17918896675109863
117136,209.1196,64.62861,317,498,51984.0,128,0,34.0,0.031641166657209396,1.1366400940460153e-05,129.0034942626953,12.575057029724121,17.489940643310547,0.0,0.7089901566505432,1.4392894506454468,1.884386658668518,0.04503936320543289,1.6368335485458374,0.05207380652427673,230.06349182128906,4.38511323928833,-9.476165771484375,0.20054686069488525,45.28971481323242,3.1274030208587646,-2.412266492843628,0.3038313686847687,136.890625,4.087989807128906,-7.80562162399292,0.31167131662368774,19.983762741088867,2.827552318572998,-0.8278196454048157,0.17272502183914185,141.95989990234375,3.4870946407318115,-5.916086196899414,0.18206588923931122,62.589324951171875,3.1191155910491943,-2.234755754470825,0.17198409140110016,45.28177261352539,3.069653034210205,-1.727875828742981,0.17594055831432343
72899,45.95462,-1.1037219999999999,203,411,51873.0,28,5,112.0,0.0136426305398345,7.130710855562938e-06,153.65206909179688,4.080351829528809,15.494850158691406,0.0,-3.0277082920074463,0.5410748720169067,0.0,0.0,1.8185402154922485,0.019589031115174294,1410.79248046875,21.392091751098633,-9.804381370544434,0.15252377092838287,258.2660827636719,9.364748001098633,-2.6520581245422363,0.13261817395687103,2329.06103515625,23.302135467529297,-23.214309692382812,0.2429763227701187,146.08160400390625,12.141500473022461,-1.0197457075119019,0.11639434099197388,702.4378051757812,15.87451171875,-4.938964366912842,0.1345902979373932,438.20355224609375,15.061254501342773,-3.052525281906128,0.12539176642894745,347.39520263671875,14.77675724029541,-2.4644861221313477,0.12477266788482666
72391,45.95462,-1.1037219999999999,217,411,51817.0,28,5,112.0,0.0136253098025918,7.529356025770539e-06,144.0130615234375,3.9137766361236572,15.520322799682617,0.0,-2.6423075199127197,0.5265603065490723,0.0,0.0,1.7538869380950928,0.018559511750936508,1474.5369873046875,21.590028762817383,-10.136565208435059,0.152608260512352,251.9058074951172,8.954466819763184,-2.6900885105133057,0.1293788105249405,2339.991943359375,22.980571746826172,-23.475923538208008,0.24159236252307892,142.7111053466797,11.92990779876709,-0.9454820156097412,0.11464929580688477,735.0484619140625,15.956335067749023,-5.06044340133667,0.134160116314888,460.25860595703125,15.131060600280762,-3.198626756668091,0.1254875808954239,350.228759765625,14.730802536010742,-2.411116123199463,0.12354347854852676
137290,113.7592,32.82222,357,541,51959.0,54,0,14.0,0.015466517768800259,6.552600552822696e-06,165.9403533935547,2.1140029430389404,15.440607070922852,0.0,-1.9350978136062622,0.23080845177173615,0.0,0.0,1.7109849452972412,0.007169855292886496,2038.790283203125,16.005373001098633,-14.802719116210938,0.0918322280049324,418.1435546875,6.874524116516113,-3.8626182079315186,0.07049239426851273,3305.85546875,16.302064895629883,-30.25789451599121,0.15182127058506012,217.05506896972656,8.495636940002441,-1.4580695629119873,0.061967603862285614,2681.4931640625,15.912496566772461,-17.13019371032715,0.10347021371126175,661.36865234375,11.032081604003906,-4.808993816375732,0.07068183273077011,612.8239135742188,11.112812042236328,-3.7611749172210693,0.06956973671913147
394724,138.8142,40.91753,24,1200,52668.0,68,0,0.0,0.008841418661177158,7.648960490769241e-06,91.69847869873047,8.310819625854492,16.97225570678711,0.0,-0.5247470140457153,2.405568838119507,0.0,0.0,1.4375956058502197,0.07037251442670822,812.1914672851562,8.037034034729004,-20.71185302734375,0.2018163502216339,56.09912109375,3.1886560916900635,-3.753674268722534,0.3598635494709015,84.19242858886719,3.6353702545166016,-5.901516914367676,0.3127706050872803,53.88078308105469,4.165908336639404,-1.3284987211227417,0.13946865499019623,722.4324340820312,7.194626808166504,-16.984651565551758,0.18563826382160187,220.99969482421875,5.50056791305542,-4.627904415130615,0.13819633424282074,169.03993225097656,5.242794036865234,-3.7636613845825195,0.13055419921875
190581,13.374579999999998,-8.767777,458,657,52177.0,11,0,74.0,0.018978269770741463,1.055724987963913e-05,109.3879623413086,4.081825256347656,15.90898323059082,0.0,0.5114837288856506,0.3705584406852722,1.456218957901001,0.0069605144672095776,1.2379399538040161,0.007715159561485052,4173.033203125,32.66596221923828,-48.38813400268555,0.38012805581092834,838.8248901367188,10.766889572143555,-11.868310928344727,0.18392711877822876,6431.31884765625,48.016441345214844,-94.54782104492188,0.7242906093597412,325.48773193359375,8.869274139404297,-3.917346715927124,0.13246850669384003,2898.778564453125,22.26839256286621,-34.68120574951172,0.31143367290496826,916.0040893554688,13.507576942443848,-11.002212524414062,0.1718834638595581,787.7828369140625,12.826604843139648,-9.2354154586792,0.16533774137496948
486361,153.4795,38.84283,389,1427,52996.0,79,0,46.0,0.02288631536066532,8.853387953422498e-06,155.23751831054688,5.436158180236816,16.469982147216797,0.0,-2.512911558151245,0.7455883026123047,2.0968177318573,0.02189623937010765,1.8640488386154175,0.025385657325387,422.7713623046875,8.937117576599121,-8.421696662902832,0.1669694483280182,63.446353912353516,5.204956531524658,-1.5581952333450317,0.17679616808891296,358.52838134765625,7.408340930938721,-9.246015548706055,0.22016236186027527,58.21006774902344,5.709235191345215,-1.1296223402023315,0.1443750560283661,630.633544921875,9.205299377441406,-12.166125297546387,0.19699952006340027,191.5369110107422,7.552725315093994,-3.8414249420166016,0.16667066514492035,167.3167724609375,7.083189010620117,-3.3028180599212646,0.15912820398807526
239818,161.6533,63.22361,584,773,52376.0,86,0,0.7,0.003368058707565069,1.7798323824536055e-05,43.3488655090332,6.832586288452148,16.658889770507812,0.0,5.2855706214904785,0.32662084698677063,0.0,0.0,1.1675124168395996,0.006891217082738876,298.9488830566406,5.44515323638916,-6.817215919494629,0.16173730790615082,91.45475006103516,3.933406352996826,-1.3880441188812256,0.13718028366565704,49.501434326171875,4.102987766265869,-0.5939112305641174,0.14275482296943665,11.320948600769043,3.294456720352173,-0.09633873403072357,0.13455328345298767,97.70281982421875,4.055269241333008,-2.242837905883789,0.14897243678569794,94.64067077636719,4.105766773223877,-2.2688024044036865,0.14492927491664886,68.65059661865234,3.851168632507324,-1.6415914297103882,0.1426733136177063
918114,161.6533,63.22361,270,2882,54498.0,86,0,0.7,0.0033772210590541363,1.7580769053893164e-05,49.01306915283203,6.8660359382629395,16.851444244384766,0.0,5.714227676391602,0.32587864995002747,0.0,0.0,1.167942762374878,0.00700559513643384,287.69775390625,5.134495735168457,-6.748959541320801,0.15451174974441528,104.9884262084961,4.224992752075195,-1.6246365308761597,0.1306835263967514,58.01218032836914,4.502626419067383,-0.8118031620979309,0.1380239725112915,17.365421295166016,3.1969454288482666,-0.5064122080802917,0.131620392203331,93.89022064208984,3.8003175258636475,-2.0947813987731934,0.14117687940597534,97.62678527832031,3.879267454147339,-2.4434661865234375,0.13814404606819153,70.93634796142578,3.6453495025634766,-1.6933603286743164,0.1357911080121994
491718,169.5888,45.74822,76,1438,53054.0,94,0,3.0,0.007762910332530737,1.4500365068670362e-05,60.900779724121094,6.693154811859131,16.965938568115234,0.0,0.6121460795402527,0.8905383348464966,0.0,0.0,1.3676917552947998,0.020615696907043457,350.5752868652344,5.579989433288574,-10.812886238098145,0.20589540898799896,86.40431213378906,3.5371274948120117,-2.5992493629455566,0.20814207196235657,72.3655776977539,3.739311456680298,-2.5184860229492188,0.21102121472358704,12.239535331726074,3.0434534549713135,-0.2576600909233093,0.16385863721370697,166.8104705810547,4.31035041809082,-5.226140022277832,0.18421980738639832,79.29454803466797,3.615438461303711,-2.5053277015686035,0.1682799756526947,56.817955017089844,3.482156991958618,-1.812927484512329,0.16679587960243225
346602,183.5396,54.52694,22,1018,52672.0,106,0,12.0,0.008550107479095459,6.655938250332838e-06,97.67394256591797,7.498197078704834,15.064496994018555,0.0,2.2968101501464844,0.20540130138397217,0.0,0.0,1.0614516735076904,0.003451661439612508,16598.6328125,130.08396911621094,-113.17964172363281,0.8944161534309387,3270.26220703125,28.540613174438477,-19.79320526123047,0.18082304298877716,2749.289794921875,26.803436279296875,-17.86043930053711,0.17729651927947998,445.017578125,12.309807777404785,-2.9287664890289307,0.1047021895647049,7289.78125,47.36082458496094,-47.59503936767578,0.4060961604118347,2334.144775390625,24.79783058166504,-15.237481117248535,0.1694420725107193,2090.583740234375,23.942550659179688,-13.541586875915527,0.1639028936624527
347244,183.5396,54.52694,261,1019,52707.0,106,0,12.0,0.008177738636732101,6.719000339217018e-06,111.80270385742188,8.00961685180664,14.593378067016602,0.0,1.3480039834976196,0.2172805666923523,0.0,0.0,1.0744702816009521,0.003514386247843504,164078.140625,11730.38671875,-19.580121994018555,0.19896483421325684,8340.3359375,76.2685317993164,-22.287689208984375,0.20944300293922424,6863.94482421875,70.69194030761719,-19.579605102539062,0.2022128701210022,805.2342529296875,27.241069793701172,-2.5441691875457764,0.11494151502847672,16486.70703125,105.38694763183594,-55.63401412963867,0.44492554664611816,4957.01611328125,58.06688690185547,-16.6408634185791,0.20246616005897522,4340.41015625,54.80814743041992,-14.504051208496094,0.19249428808689117
776383,184.6105,29.812859999999997,73,2230,53799.0,108,0,9.0,0.012689303606748581,1.0421234037494287e-05,85.18013000488281,6.628171443939209,16.800273895263672,0.0,1.8367406129837036,0.5239865779876709,0.0,0.0,1.178380012512207,0.010390696115791798,1767.2919921875,16.351228713989258,-39.63167190551758,0.3799017667770386,493.838134765625,8.399978637695312,-9.281819343566895,0.2143002599477768,262.0291442871094,7.0844831466674805,-6.300438404083252,0.2022046595811844,31.933183670043945,4.195319652557373,-0.8890917897224426,0.15507526695728302,771.34814453125,9.29404067993164,-17.232261657714844,0.2537247836589813,264.1671142578125,6.164936542510986,-5.578169345855713,0.1778351068496704,188.12506103515625,5.657183647155762,-4.214848041534424,0.17435413599014282
270630,184.8467,5.825278,580,844,52378.0,110,0,40.0,0.007261426188051701,1.0204978934780229e-05,284.284423828125,5.091682434082031,15.106624603271484,0.0,-2.4747393131256104,0.33375048637390137,0.0,0.0,1.9714581966400146,0.011476253159344196,149.38922119140625,67.83553314208984,-0.6005224585533142,0.10239073634147644,113.16542053222656,22.77362823486328,-0.6664403080940247,0.10221759229898453,21.992137908935547,22.647136688232422,-0.2403724640607834,0.10391739010810852,-17.271873474121094,28.996232986450195,9.710670565254986e-05,0.10488520562648773,79.54853057861328,64.24761962890625,-0.5109761953353882,0.10779768228530884,-17.27356719970703,41.3885498046875,0.05634060874581337,0.10566644370555878,-27.619020462036133,41.380863189697266,0.12056100368499756,0.10638432204723358
865875,185.3038,18.3825,442,2597,54231.0,111,0,1.0,0.003003061516210437,7.205312613223214e-06,92.26702880859375,3.5496268272399902,15.369468688964844,0.0,3.8770573139190674,0.3277595043182373,0.0,0.0,1.5626780986785889,0.010243847966194153,1010.3770751953125,18.33182144165039,-7.23925256729126,0.13609647750854492,76.51116943359375,6.386837959289551,0.028199033811688423,0.1061260923743248,295.3255920410156,10.397713661193848,-2.742170572280884,0.12400594353675842,177.24896240234375,12.667243957519531,-1.231566309928894,0.11361055076122284,1455.0198974609375,21.16237449645996,-9.564109802246094,0.1586911976337433,542.9788208007812,16.550161361694336,-3.850271224975586,0.12641456723213196,430.50042724609375,16.001813888549805,-2.549163341522217,0.1208919957280159
614934,190.6558,14.357220000000002,102,1769,53502.0,114,0,0.06,0.0010267928009852767,5.247091394267045e-06,17.268035888671875,21.140195846557617,18.193674087524414,0.0,0.7371312379837036,1.2947248220443726,0.0,0.0,1.2149566411972046,0.02715490385890007,863.5460815429688,7.819289684295654,-79.80908966064453,0.7834200859069824,225.14419555664062,3.9656596183776855,-19.671024322509766,0.4643029570579529,298.64385986328125,4.754923343658447,-25.869415283203125,0.5016428232192993,16.177875518798828,2.08719539642334,-1.9955933094024658,0.33445534110069275,206.04803466796875,3.1197898387908936,-19.608585357666016,0.3838951587677002,139.10537719726562,2.7396187782287598,-12.984898567199707,0.32813146710395813,103.1920166015625,2.3823225498199463,-9.717412948608398,0.3063921630382538
701505,195.355,29.31389,492,2011,53499.0,117,0,200.0,0.02339724451303482,1.107536991185043e-05,174.44012451171875,6.656274318695068,16.456218719482422,0.0,-2.5294575691223145,0.5269295573234558,1.3086974620819092,0.00767118763178587,1.1435275077819824,0.009071636945009232,6173.63818359375,40.585594177246094,-151.5225067138672,0.9882987141609192,931.1957397460938,9.523881912231445,-29.61003875732422,0.31034258008003235,2379.38134765625,17.549354553222656,-71.56449890136719,0.49878451228141785,456.9835510253906,7.31416130065918,-11.334002494812012,0.18781231343746185,4423.65185546875,24.246044158935547,-105.53841400146484,0.7306042909622192,1243.8291015625,13.504583358764648,-29.674362182617188,0.3013724386692047,1154.136474609375,12.899500846862793,-27.853832244873047,0.28745192289352417
423461,204.5717,48.27555,349,1284,52736.0,123,0,32.0,0.027783509343862534,1.4108884897723328e-05,186.62039184570312,7.736151695251465,16.062593460083008,0.0,0.05540461093187332,0.44509240984916687,1.3295435905456543,0.006926420144736767,1.130732774734497,0.00789581798017025,7160.9208984375,47.091094970703125,-102.66838073730469,0.6751449108123779,1406.064208984375,14.688647270202637,-24.722869873046875,0.26657575368881226,4901.81396484375,34.76201629638672,-88.34941101074219,0.6201969981193542,336.57427978515625,9.451847076416016,-4.831193923950195,0.1544983834028244,3761.8046875,26.04891586303711,-55.047271728515625,0.42744919657707214,1353.48974609375,16.847787857055664,-20.349178314208984,0.23890900611877441,1211.500732421875,15.708536148071289,-16.342004776000977,0.21724215149879456
731839,208.3242,33.490829999999995,351,2117,54115.0,126,0,32.0,0.00789899192750454,8.411578164668754e-06,89.80472564697266,2.86710262298584,15.422025680541992,0.0,3.254547357559204,0.22895143926143646,0.0,0.0,1.346488356590271,0.005201772321015596,2661.470458984375,27.18819236755371,-20.36177635192871,0.20008955895900726,569.205078125,10.840445518493652,-4.535792827606201,0.10885176062583923,4433.455078125,34.14847183227539,-34.74799346923828,0.26847371459007263,435.152099609375,14.925177574157715,-3.084230899810791,0.11804503202438354,1745.9361572265625,21.5103816986084,-12.392041206359863,0.1706436574459076,628.1268310546875,17.371597290039062,-5.063795566558838,0.12978222966194153,609.4817504882812,17.31656265258789,-4.256660461425781,0.1270684003829956
645265,222.7146,5.114444000000001,247,1830,54560.0,141,5,2277.0,0.0275436919182539,3.801388174906606e-06,161.2923583984375,6.349306106567383,15.841833114624023,0.0,-0.7222862839698792,0.3678116798400879,1.29599928855896,0.005465957801789045,1.153196930885315,0.006726712454110384,5668.07177734375,42.9489860534668,-63.36342239379883,0.4842889606952667,1236.905029296875,14.809864044189453,-14.880316734313965,0.19358216226100922,5858.98388671875,44.89706039428711,-76.46345520019531,0.5934180617332458,259.72015380859375,8.923439025878906,-2.9110941886901855,0.134683758020401,3627.79443359375,26.37550163269043,-41.820655822753906,0.36053788661956787,783.1602783203125,13.31716251373291,-9.225400924682617,0.17194026708602905,750.1116943359375,13.054778099060059,-8.720391273498535,0.16875921189785004
579269,254.3171,27.84972,620,1691,53260.0,157,5,2100.0,0.0338398702442646,7.022532827249961e-06,148.75396728515625,4.933620929718018,16.535430908203125,0.0,-7.069631576538086,0.7454321384429932,1.7638567686080933,0.014797774143517017,1.4499731063842773,0.015898026525974274,2180.94384765625,17.960325241088867,-48.009220123291016,0.38911205530166626,617.1392822265625,8.670822143554688,-15.658336639404297,0.24069474637508392,5383.3486328125,35.588401794433594,-137.96315002441406,0.9368835687637329,120.6379623413086,5.845966815948486,-2.8244900703430176,0.1577587127685547,1707.53173828125,13.564690589904785,-36.294795989990234,0.3354402184486389,622.1517333984375,9.427942276000977,-14.059033393859863,0.21752972900867462,506.63641357421875,8.743851661682129,-11.182258605957031,0.20267729461193085
375026,356.0083,0.5166667,584,1093,52591.0,179,0,468.0,0.022509420290589333,6.7733681134996004e-06,158.6873016357422,2.919222116470337,15.500932693481445,0.0,2.6043548583984375,0.24692490696907043,1.5974065065383911,0.005266730207949877,1.3511817455291748,0.00600364338606596,5375.5234375,33.03583908081055,-44.99916076660156,0.28018268942832947,639.9042358398438,6.66470193862915,-7.5369486808776855,0.09517297893762589,798.7474975585938,8.92050838470459,-10.165974617004395,0.11661887168884277,261.3404235839844,7.923136234283447,-2.16304349899292,0.0788472518324852,4637.58740234375,24.470796585083008,-36.132652282714844,0.24790874123573303,826.2894897460938,11.50482177734375,-6.849278926849365,0.09534353017807007,772.489013671875,11.16450023651123,-5.818747043609619,0.09141576290130615
292716,142.7779,49.07972,623,900,52637.0,70,0,280.0,0.033931948244571686,1.0678420949261636e-05,146.8728485107422,4.477456092834473,16.262527465820312,0.0,2.362344980239868,0.25390440225601196,1.4532190561294556,0.004619004670530558,1.3123126029968262,0.005670534912496805,2560.909912109375,18.457685470581055,-30.75072479248047,0.21281562745571136,500.8777160644531,8.505850791931152,-5.095110893249512,0.111968994140625,570.8970336914062,9.7589111328125,-6.850074768066406,0.1240558996796608,180.9126739501953,7.966796398162842,-2.0306622982025146,0.10682003945112228,2030.835205078125,15.247039794921875,-22.687517166137695,0.19194398820400238,481.087646484375,10.003315925598145,-5.7323994636535645,0.12505267560482025,416.8667907714844,9.491744041442871,-4.709925174713135,0.11853679269552231
111495,143.965,61.35305,231,486,51910.0,71,0,1900.0,0.03938571363687515,1.4495402865577489e-05,188.66815185546875,6.373187065124512,16.505762100219727,0.0,6.047581195831299,0.4679097533226013,1.5922458171844482,0.01203473936766386,1.3080531358718872,0.012501908466219902,1990.7286376953125,14.726956367492676,-36.27769088745117,0.23904602229595184,169.88401794433594,4.918615341186523,-4.0980448722839355,0.1603900045156479,226.8897705078125,5.852939128875732,-5.762765407562256,0.17029991745948792,132.3493194580078,5.841487407684326,-2.3168764114379883,0.12158741801977158,2386.690185546875,14.458799362182617,-39.317909240722656,0.2639297544956207,415.60162353515625,7.861409664154053,-7.294002056121826,0.13619861006736755,316.768798828125,7.4439215660095215,-5.223714351654053,0.12812672555446625
804311,157.912,25.983970000000003,323,2352,53770.0,84,0,237.0,0.021008223295211792,8.939753570302855e-06,167.5430908203125,4.0373735427856445,15.781631469726562,0.0,-0.7802862524986267,0.4395957589149475,0.0,0.0,1.8719782829284668,0.01594296097755432,624.7766723632812,16.184162139892578,-6.274845123291016,0.1333865225315094,100.85054016113281,7.101288318634033,-1.3906062841415405,0.12419366091489792,621.9990234375,11.58127498626709,-8.413928031921387,0.15858706831932068,113.84917449951172,11.402478218078613,-1.0357418060302734,0.11681005358695984,852.1159057617188,16.526870727539062,-7.42584753036499,0.1468154788017273,328.49749755859375,14.223544120788574,-3.055694103240967,0.1266031414270401,280.0584411621094,14.554889678955078,-2.417358875274658,0.12752096354961395
541163,165.1998,10.72814,205,1603,53119.0,88,5,770.0,0.03603397309780121,8.833188985590823e-06,160.51170349121094,4.365340232849121,16.15689468383789,0.0,-1.5393128395080566,0.5614138841629028,2.0105531215667725,0.017493542283773422,1.817018985748291,0.02069796435534954,343.5986328125,10.016613960266113,-5.192903995513916,0.14094702899456024,83.04430389404297,6.585656642913818,-1.1928762197494507,0.14358285069465637,451.95166015625,9.582430839538574,-7.409986972808838,0.17605586349964142,101.37763214111328,7.747345924377441,-1.3459174633026123,0.13459891080856323,760.6845703125,11.663939476013184,-10.592597007751465,0.17918115854263306,203.22946166992188,8.688067436218262,-2.8758561611175537,0.14113567769527435,182.17576599121094,8.732641220092773,-2.504150390625,0.1406739205121994
612879,180.5999,14.843639999999999,433,1764,53467.0,103,0,22.0,0.024328285828232765,7.928251761768479e-06,177.37896728515625,3.8852293491363525,15.67127799987793,0.0,0.9046711325645447,0.32086658477783203,1.8206605911254883,0.007913845591247082,1.5857867002487183,0.009165419265627861,1403.5306396484375,18.07647132873535,-13.025857925415039,0.14981622993946075,238.09005737304688,8.024908065795898,-2.5506184101104736,0.11169574409723282,728.6009521484375,12.907403945922852,-7.755687713623047,0.13537724316120148,76.88890838623047,11.534099578857422,-0.6365819573402405,0.10217930376529694,1350.2276611328125,17.99407386779785,-10.21304702758789,0.1423846036195755,295.1231384277344,14.342399597167969,-2.416825771331787,0.1125686764717102,237.02684020996094,14.256911277770996,-1.9686390161514282,0.11036191880702972
466745,212.7312,39.77214,589,1379,53084.0,132,0,17.0,0.018709411844611168,5.239462552708574e-06,88.77489471435547,7.426573276519775,16.941125869750977,0.0,1.292349934577942,0.7910995483398438,1.6283799409866333,0.018910665065050125,1.4581141471862793,0.02179722860455513,1231.535400390625,11.680432319641113,-34.18060302734375,0.3282332718372345,184.971435546875,4.892085552215576,-6.591771125793457,0.2451813817024231,43.95581817626953,4.010974407196045,-1.7287312746047974,0.2221708446741104,29.928089141845703,4.086596965789795,-0.6667162775993347,0.1616525948047638,516.28955078125,7.138119220733643,-14.14281177520752,0.2268715649843216,178.625732421875,5.44890022277832,-4.854582786560059,0.1807248890399933,138.77725219726562,5.203227519989014,-3.7293589115142822,0.17880244553089142
572849,224.65,44.88361,154,1676,53147.0,143,4,444.0,0.03622078150510788,6.443266556743765e-06,176.6899871826172,5.285640239715576,15.5382080078125,0.0,2.8126792907714844,0.31017163395881653,1.6345170736312866,0.006769091356545687,1.3945417404174805,0.007707230746746063,2634.079345703125,28.299015045166016,-22.71906280517578,0.22086916863918304,403.83624267578125,11.080856323242188,-3.4858622550964355,0.12479028105735779,1554.1201171875,20.438758850097656,-14.202385902404785,0.18254996836185455,204.96795654296875,14.682721138000488,-1.5776077508926392,0.12324158102273941,2505.916259765625,25.979595184326172,-18.523914337158203,0.20773428678512573,593.7531127929688,18.432069778442383,-4.560991287231445,0.13938218355178833,427.9527282714844,17.833627700805664,-3.5439698696136475,0.13502250611782074
756638,234.8196,24.455,481,2165,53917.0,149,0,30.0,0.0344090573489666,8.460195203952026e-06,200.2882537841797,4.500774383544922,15.406158447265625,0.0,1.0190623998641968,0.31918251514434814,1.7048801183700562,0.007192951627075672,1.5362247228622437,0.008698176592588425,1517.3131103515625,26.358135223388672,-11.185660362243652,0.15427717566490173,246.272216796875,12.013872146606445,-1.6978093385696411,0.11136523634195328,841.4068603515625,17.16538429260254,-6.503515720367432,0.13777264952659607,92.21125793457031,15.175166130065918,-0.6294324994087219,0.11123611032962799,1931.555419921875,26.566448211669922,-12.39460563659668,0.1696433275938034,391.5696105957031,18.638822555541992,-2.628206968307495,0.12251587957143784,380.28692626953125,18.667510986328125,-2.6692893505096436,0.12351403385400772
